	importance
n_full_ratio	2099
b_name_maxdf	1981
emb_name	1619
a_name_maxdf	1589
n_s1_for_pool	1498
n_len_b	1329
a_len_a	1221
cos_name	1196
n_len_a	1194
a_len_b	1172
gap_to_best_s1	1066
a_tset	1056
cos_addr	1048
gap_to_2nd_s1	1036
hn_diff	1001
cos_full	963
emb_x_addr	961
n_partial	925
a_ratio	903
a_tail_tset	857
a_tsort	829
n_ratio	817
n_len_diff	806
gap_to_best_pool	799
combo	785
hn_reldiff	767
a_num_jacc	711
hn_absdiff	703
n_best_variant	686
n_compact_jw	673
pool_name_freq	607
n_tset	588
hn_ratio	572
n_jw	567
n_jacc	558
legal_jacc	521
b_name_ntok	514
rank_in_s1	510
postal_eq	499
n_tsort	494
a_jacc	461
blockers	441
n_first_eq	374
rev_rank	361
street_ratio	351
rank_in_pool	340
n_ntok_diff	327
same_spot_namediff	319
legal_conflict	253
postal_prefix3	237
web_sim	234
is_s3	215
a_overlap	210
postal_both	176
a_num_conflict	170
n_overlap	155
hn_affix	138
legal_both	116
street_eq	100
n_acronym	91
hn_eq	78
web_any	78
blk_3	68
blk_2	62
web_initials	58
blk_1	45
a_num_both	42
n_dig_jacc	31
n_dig_both	31
blk_5	29
landmark_tset	19
hn_both	15
n_cand_s1	15
same_spot	14
blk_0	13
blk_4	6
blk_6	6
n_compact_eq	1
country_eq	0
n_dig_conflict	0
a_empty_any	0
